master,372515533,c0b0489,39
add-license-1,372515533,89e830d,21
main,372515533,50beb12,1
master,386151120,a74b107,4
master,280409196,8053953,3
master,360873832,3f8950a,25
main,323038495,76dc14b,23
master,349337159,d00cbf4,10
master,225302605,5feaa56,485
master,269134766,2c8fa0e,3
master,258521680,2683e0a,1
main,353786335,cdce72c,3
master,258532266,6c5fd16,3
master,259435094,1ca6c28,2
master,334636728,5325eb1,4
master,245696309,0151dec,2
master,337766486,f360e1d,11
master,282416210,e279821,2
main,360868009,25c2c6c,2
main,332870449,898cc85,3
main,332871133,64cd558,5
main,347445373,2db9968,1
main,326974021,db2550a,2
main,378580673,139e4c3,1
main,378209261,b3ab95a,7
main,378583265,a2d4bb3,1
master,88707410,fdcd232,72
master,168753643,6781688,31
master,88707627,b4f5ecd,13
master,88707691,1dfbea0,2
master,88707828,4334d58,5
master,88708090,7a4ef73,9
master,85599313,6fa6b7c,7
master,98848080,59cdd6c,953
