1,58283665,372515533,2ff2ae8,2021-09-24
1,58283665,aed0807,372515533,2021-09-17
1,58283665,068f9bf,372515533,2021-09-13
1,58283665,2ec2edc,372515533,2021-09-12
1,58283665,c8e2496,372515533,2021-09-11
1,58283665,7e31d20,372515533,2021-09-10
1,58283665,bcb01ed,372515533,2021-09-08
1,58283665,a1ef563,372515533,2021-09-01
1,58283665,0d3516c,372515533,2021-08-31
1,58283665,225302605,73ebd1a,2021-09-27
1,58283665,2c1969a,225302605,2021-09-24
1,58283665,96feac2,225302605,2021-09-21
1,58283665,9f1704e,225302605,2021-09-19
1,58283665,de5beae,225302605,2021-09-17
1,58283665,766176c,225302605,2021-09-16
1,58283665,f02e1cf,225302605,2021-09-01
1,58283665,950650b,225302605,2021-08-31
1,58283665,360873832,3f8950a,2021-09-29
1,58283665,8dcf80c,360873832,2021-09-24
1,58283665,239427a,360873832,2021-09-17
1,58283665,357ee24,360873832,2021-09-13
1,58283665,994d63d,360873832,2021-09-01
1,58283665,4eb533e,360873832,2021-08-31
