d5e8416,,26,0,2
b73bcd0,,23,0,2
e46c216,,23,0,2
03b2ae3,,22,0,2
fd307b6,,770,0,7
3fd1952,,40,3,1
cebb466,,7,2,1
4ac93bc,,29146,0,167
0ba732e,,1,1,2
b2ebe67,,1,0,1
7b826d2,,729,0,29
7cd7eea,,1,0,1
0d64c92,,0,0,28
58a6192,,0,1,1
ba2f6d7,,0,0,1
30a4a8b,,1,0,1
ee3c21e,,3,1,1
3901801,,0,0,1
9da5e98,,1,1,1
1908bb7,,1,1,1
6de0c04,,657,0,58
ade1c61,,0,2,30
0eba46f,,5,0,1
9c1d713,,0,0,1
f580d07,,0,0,52
fd2c19e,,0,0,1
0e0d636,,0,0,3
b042721,,0,0,10
2d862d8,,0,0,1
c92ce87,,3,0,1
0016ced,,2,0,1
e69b63d,,1,1,1
7b04a58,,4,0,1
f58cdc6,,0,0,9
315a6a4,,56,98,1
21696ff,,3,0,1
ed1e548,,25,0,1
47bb9cd,,0,0,5
e5c4655,,0,0,3
b1c0d7d,,5,5,1
ba24300,,10,5,1
b8c479c,,3,3,1
ee7abbc,,0,0,1
c5efa2b,,1,1,1
cc77d31,,0,0,1
07c39ed,,6,5,1
bad69f6,,1,1,1
b08f622,,5,5,1
3b802e2,,467,195,5
6e68041,,116,95,1
a934e4b,,137,46,176
54c5f58,,3,0,1
7368756,,0,251,1
2ba0c03,,521,79,6
648d56c,,0,307,1
7a410bb,,307,0,1
00757a3,,36,25,2
0551d2c,,0,0,11
4f6a142,,4,0,1
cadc567,,15,1,1
00d0f3c,,14,8,1
6722664,,0,0,1
64ebf2a,,5,0,1
1cced85,,0,0,2
2b38d6e,,6,3,1
da3d9a0,,21,0,1
ebff13e,,0,0,8
3333c3d,,13,1,1
fcdb589,,6,4,1
360aa60,,5,1,1
a854bb9,,15212,56,72
b80af56,,43,27,1
4158a99,,2,0,1
c537a64,,39,0,1
8dc774a,,13,5,1
1673423,,9,25,1
14171d7,,1,1,1
f7af0cc,,1,1,1
ef33646,,1,1,1
e7bb6c0,,4,0,1
5076350,,7,0,1
33d8f87,,3,1,1
f98a183,,1,1,1
a269d69,,4,0,1
d56b8fc,,0,0,2
5231e08,,2,1,1
2926c0a,,1,1,1
987e7e7,,1,1,1
b502d9c,,1,1,1
d4c632c,,1,1,1
3be02a6,,1,1,1
c3d2671,,1,1,1
c3d671c,,0,0,13
218a2ca,,0,0,1
d392646,,28,6,1
5c5323d,,2,1,1
6924058,,2,0,1
c5fdb75,,3,3,1
1ef47d1,,5,5,1
53d8390,,6,1,1
239d5fe,,3,1,1
3a758c1,,1,2,1
d33c36b,,2,2,1
9e3edc3,,4,2,1
4c5c01e,,0,0,1
a190251,,1,0,1
a3d5fe8,,1,1,1
7a95ad2,,0,0,1
1aa0b6a,,0,0,1
0e7df5f,,1,1,1
b103642,,43,1,7
4a2c17b,,0,0,1
fcd342c,,0,0,0
5f6f1ac,,1,0,4
3feb3dd,,19,3,2
8729c56,,20,12,1
19a81e2,,13517,0,71
6dfc7ca,,131,129,2
ab97785,,0,13438,48
5d48ccc,,0,11,1
53af107,,1,1,3
4cf5578,,4,4,2
54ff882,,3,3,1
b55f666,,7,7,2
99df1e6,,0,1,82
fa51af7,,8,1,1
abc9cb6,,1,1,1
9215887,,1,1,1
05c3c4e,,2,0,2
51ff78c,,13,8,6
5427c19,,0,0,3
6f94852,,3,3,2
c48bdfd,,23,27,1
e2aa2a8,,0,0,2
26826cc,,1,0,1
82b2b14,,0,0,1
e1a5206,,1,1,1
f534978,,1,1,3
9ba930e,,2,3,1
d52f4e1,,3,2,1
89fc32b,,0,0,2
aaa08bc,,149158,0,11
9e2252c,,0,0,35
8f6c79f,,0,0,1
52d6e4b,,2,0,7
2838692,,10,10,1
b4fd6a5,,5,5,1
0d8164c,,41,41,1
22fc97a,,5,5,1
d64a280,,5,5,1
4cc3e4b,,41,41,1
c465455,,5,5,1
2bd9c04,,10,10,1
6bdf09b,,2,2,1
5c21e37,,14,17,1
ec082af,,5,6,1
6eec414,,4,4,1
59ef19e,,0,0,3
cb84d66,,4,4,1
7d6948f,,5,6,1
7718825,,14,17,1
297af9d,,1581,1,4
61d6b17,,2,2,3
a970b07,,1,0,1
979f91d,,9,0,1
b352571,,1,1,1
cd09462,,2,2,1
01ac128,,132,2,2
c7f743f,,35,2,4
b36997b,,3,0,1
18bec7c,,82,31,1
6871049,,3,0,1
e0bb841,,88,17,3
d21595d,,5,3,2
dfe10c4,,79,104,7
ede2085,,153,102,9
40bc54d,,8,1,2
4d95c5e,,8,1,2
7994c85,,3,3,1
a5c5c9a,,496,1148,3
ad1baac,,48,5,6
9a16b82,,1,1,1
198334c,,136,145,3
1214af7,,0,0,1
09ed34a,,35,16,2
9201796,,38,32,2
234e73f,,1,1,3
7623158,,9,15,1
a8164cb,,241,291,3
c57cbce,,69,124,2
1875b78,,1,1,1
1b4d8b3,,17,17,1
e81bc47,,315,312,1
ef704c4,,357,368,1
d62c50e,,368,357,1
c9d70c2,,7,8,1
da7ed01,,431,68,2
e131eef,,3,2,1
af90743,,4,3,1
a51d18c,,913,899,9
fe7e2d8,,234,126,7
ac8c11c,,1554,668,13
07a7bf4,,408,694,7
9394444,,20,0,1
e116124,,42,8,6
c46e164,,68,18,3
3303ab9,,6,2,2
2255427,,0,0,1
d3dc1a8,,7,1,1
9a13e41,,115,114,1
3669d44,,7,0,1
7bf8c14,,1,1,1
86a9619,,1,1,1
6f36067,,1,0,1
477d427,,771,431,6
6e9879f,,127,4,11
6600e97,,4,20,2
ff301f1,,1,0,1
757c03f,,3,282,4
8e81f79,,4,0,1
5c30528,,0,4,1
15290ee,,326,382,6
1a3f3d7,,0,0,1
c1cea44,,352,276,6
6ec232e,,0,0,1
951c231,,3,4,1
f99dc28,,2,1,1
096995e,,24,6,2
6bf9264,,5,5,2
637b3d6,,8,8,1
f23f3a0,,11,11,1
62e219f,,5,5,1
4dc6484,,1,1,1
eb41449,,2,2,1
a5c3ece,,3,3,1
adb103c,,7,7,1
112fe17,,6,2,1
146fe5b,,1,1,1
b1379a0,,1,24,1
993d733,,617,0,9
751693a,,2,2,2
6e8f743,,1,5,1
7f7d0cd,,0,2,1
0d50055,,2,1,1
9b5e135,,1,1,1
8878cd0,,0,0,1
c92b858,,1,1,1
81ed9ec,,15,1,1
04a2127,,1,0,1
e8b0a3c,,3,8,1
8987a7b,,2,2,1
a363063,,0,1,1
c75ffee,,1,1,1
4a6f171,,2,2,1
2373f1b,,12,2,1
b93f3cd,,8,5,3
eef7d61,,1,1,1
828693b,,1,1,1
cc81f5f,,1,1,1
4823989,,1,1,1
1ba6c36,,1,1,1
fc1bb57,,16,8,1
9738da4,,3,1,1
445c79e,,1,1,1
6db04a2,,2,2,1
b920434,,3,3,1
771dc1a,,4657,0,22
adbfdf7,,1,1,4
bb850e1,,18,1,3
f049fab,,0,0,0
bb99fc9,,55,0,1
31b6271,,35,0,1
15988bc,,90,0,2
495f535,,20,17,9
a9ecc1e,,107,0,3
1d5dfaa,,2,2,2
8455137,,43,30,1
3d962ea,,33,29,1
601ffc2,,15,0,2
db22b4e,,4,1,1
e73e57c,,3,0,1
391eb4c,,5,0,1
16f89c2,,80,1,3
7313205,,145,25,3
649669e,,1,1,1
a4d41c4,,6,0,1
d5a3e3e,,619,7,12
0646eb8,,0,2,1
3739c13,,190,3,8
8f729d5,,24,2,2
70c166b,,221,0,3
06fcba5,,10,10,35
c954308,,70,249,13
e11ca56,,36,1,2
ed36f3c,,28,143,6
f4266ee,,87,82,4
88fc02c,,82,254,13
459adb1,,40,2863,20
2c4ef05,,192,23,9
be4fab5,,1,56,2
370701c,,50,24,5
a5d29f2,,87,228,7
6b14b47,,186,31,12
db05cb7,,99,19,14
2a0e395,,27,44,6
d536645,,45,3,3
e4d07fc,,58,9,2
bc15168,,147,8,7
19eff5c,,1,0,1
5854efa,,473,39,15
c51c0c1,,74,49,10
6bf208c,,39,61,6
878986f,,65,10,2
005a06b,,1,3,1
a8f7276,,160,161,13
337ef52,,26,27,5
96d0166,,2658,0,2
5efa091,,72,1,1
256dbc2,,97,177,16
2bcde0a,,180,79,7
954f1ad,,156,96,8
23544cc,,191,8,4
ffc60c2,,890,5,5
7bb5b38,,42,10,5
574432e,,91,20,7
d672b74,,250,19,7
4f28625,,1,1,1
bb5ed5f,,121,24,9
8454afa,,24,19,2
2199d8a,,3,4,2
f1d621b,,76,7,8
03c6a2c,,46,4,1
70a4f02,,56,19,7
d508f39,,98,17,8
2800a10,,46,191,10
f5399e4,,59,16,8
9910cb7,,1,1,1
a946f55,,95,51,4
fa4440f,,15,6,2
b05f102,,318,256,15
0f49eb4,,106,53,5
4010a9f,,29,46,6
c2c6638,,116,113,9
b042594,,248,155,6
79cd1b8,,140,35,11
3757e76,,11,3,5
f47db4a,,28,2,5
2438c1d,,26,0,2
7e0719f,,78,15,3
ab27a4a,,48,9,3
5e2f467,,13,5,1
c599a11,,232,199,5
c42b336,,50,23,16
7e2d885,,207,18,9
211342d,,91,11,9
74436b9,,33,8,3
66faf1a,,76,21,7
176c0e4,,16,2,1
67137f1,,12,1,1
27988c9,,424,402,1
5370f0c,,41,18,3
bc477d8,,72,12,7
76ef5c1,,25,21,6
1719de5,,25,17,9
dd31dc1,,3,3,1
1119e70,,76,12,4
2519767,,82,3,4
5f3df2e,,42,0,1
16e2f2d,,52,9,2
fb68882,,14,9,4
8002f77,,80,5,3
e429beb,,2,3,2
990134c,,41,9,3
9e6b1e9,,85,16,5
e5375fe,,2,1,1
855b341,,1,1,1
8ca46c5,,13,9,3
e0cd4cc,,234,2,7
d0e9945,,122,1,5
25090ee,,3,3,1
aa41cee,,207,16,8
3d5b9b3,,63,30,6
ad55c48,,34,2,1
925b898,,37,20,1
fedbcee,,9,7,1
2ffa491,,11,2,4
b0e17df,,27,21,2
75e10a0,,8,6,2
a3bc0b9,,121,46,9
98ccf8b,,81,61,7
fa9b806,,4,3,2
0ec6883,,22,20,1
417a815,,19,2,3
e76a2c0,,26,14,2
8eb3b04,,23,1,1
a590291,,18,27,10
942bb16,,22,15,1
978484c,,233,4,6
09060f9,,24,9,4
86d7ef8,,275,0,1
d5c24cb,,119,57,2
b2b94a8,,2,0,1
b648477,,87,13,7
d4b26f9,,22,3,2
75eef24,,9,2,2
7cb2448,,15,7,4
3a273d9,,30,0,3
16fd6a5,,55,1,2
8def9ea,,210,4,7
9ddba11,,54,24,3
f6e2e05,,1,8,2
de10e66,,52,28,1
e812cd2,,9,7,2
8f0fe18,,9,8,2
72b4b32,,71,21,3
7c9ddbc,,44,8,2
b68684c,,7,1,1
12ddb9f,,23,8,5
c8df70a,,5,6,1
a894e0d,,593,3,10
f562923,,40,40,1
afce265,,7,15,3
5c08518,,76,16,4
6605306,,132,21,5
c6e2ed9,,34,10,2
2bbf68f,,37,12,4
5a09e66,,4,4,2
7651a9a,,22,3,1
9d40ac6,,249,0,5
7c51ebc,,42,34,1
da33392,,4,1,1
703fea4,,2,0,1
53cd72a,,45,11,3
eb56e58,,110,35,4
f68a3c6,,16,3,1
26d9104,,3,3,1
15b7b18,,2,0,1
12f4bad,,3,0,2
61d930c,,3,0,2
bb620fa,,30,18,2
ce324e1,,283,0,7
d301d52,,210,30,5
ff4d6c9,,1,1,1
558e886,,142,78,21
b357d8c,,53,10,8
42a8cdc,,47,10,1
1bc689b,,7,3,2
668d2d9,,122,43,1
271971b,,13,13,2
fe945b8,,220,0,4
0fb1ebe,,77,6,4
bd9812d,,59,25,4
59d0f95,,33,10,2
b29c5d8,,27,6,3
096b86c,,6,5,2
4f3b09c,,5,5,4
269e089,,218,1,5
e3774b6,,25,11,3
8682a70,,1,1,1
5e6fc27,,206,3,5
5d340e9,,4,1,1
a756d8f,,19,9,2
dc1e7c8,,252,3,5
cfec50c,,21,21,1
ae0d900,,8,56,1
f3bc225,,0,30,1
844534c,,13,5,1
8722899,,8,0,1
1f9462f,,57,53,13
cdce69d,,10,16,2
f0bc659,,155,49,11
dcb6a82,,67,9,12
41c2e1e,,99,45,13
bb3895f,,246,1,5
7651ac7,,50,11,2
bc0ba38,,6,8,2
e6c603a,,11,2,1
62bf451,,45,18,9
b1c4f1b,,68,6,2
bb64b50,,138,46,8
eefbedd,,35,1,6
0b47974,,40,13,2
f34b865,,23,5,5
822448f,,0,50,5
b3fcc69,,49,69,11
35c4bc6,,6,5,4
6b2feb8,,463,0,8
19382c5,,94,22,2
200fd2e,,25,10,2
523c99a,,60,60,2
4cd6b64,,46,9,2
2495e13,,272,13,7
92a2f90,,187,49,3
864cf71,,107,0,2
851c4b8,,31,0,1
84a3923,,81,0,2
e86af85,,11,1,1
ba2bfe2,,0,235,4
6efcc4a,,278,167,19
8480751,,276,166,18
f5b4c2b,,31,21,7
55b9022,,5,6,4
efceb7f,,26,288,11
faef426,,15,15,3
5f5cd90,,3,4,2
6b66900,,54,7,3
d936b0b,,1,1,1
ce84442,,13,10,3
7b56d8a,,47,0,1
276296d,,1,1,1
c408539,,180,130,20
8e191f5,,36,69,5
e90ff62,,7,2,4
e68e4c3,,11,5,1
daf2892,,31,17,2
cb1ea79,,176,16,6
a6ca0c8,,17,16,3
e3fec1f,,10,1,2
9784331,,7,3,2
d84d835,,12,12,1
b6fdc91,,184,0,4
91e7996,,12,12,1
d28d083,,32,4,6
d95e0b4,,3,1,1
0a38684,,78,21,1
2aa784b,,64,18,1
2116aee,,2,1,2
633a5e2,,28,78,17
a2678f1,,89,170,20
5790d20,,392,237,22
7651af7,,40,16,2
2f9091a,,3,19,4
171c708,,2,3,2
3b28013,,285,1,6
c5a21c2,,0,116,3
5f4315a,,41,0,2
396f85a,,16,10,3
49f8dff,,36,44,1
ae85384,,4,49,7
5a4fabb,,6,3,2
672b6fa,,6,5,2
933c149,,54,33,4
ba51aa6,,35,39,2
1faba36,,6,6,3
d585cfe,,2,3,1
7732589,,20,29,2
2f9f7e0,,19,7,2
53d364f,,5,2,2
bfbd2c5,,9,0,1
7562ca9,,179,0,4
def15fd,,0,4,1
ac31e85,,2,1,1
3b1027f,,19,0,1
c676b54,,4,2,1
e702c2e,,1,1,1
a9b1deb,,124,57,14
ae29d71,,86,12,1
979bf8c,,1,8,2
4012abf,,40,35,1
cea5dd9,,1,1,1
54e801d,,62,8,4
897b3ad,,184,53,4
deaf8ed,,96,18,2
4430642,,8,2,2
575f5a3,,0,2,1
8933e71,,6,2,2
bf96b6e,,18,8,3
af26f56,,74,5423,120
aee7a6b,,91,19,3
52f716b,,257,99,10
87bc0e0,,8,4,1
fcc3d37,,5,1,2
80ad8ff,,14,13,3
1b1c978,,5,1,2
06e1c24,,15,9,3
474a7dd,,4,39,3
f7e8336,,34,10,7
44fca87,,1,1,1
0535586,,48,20,2
4e82482,,6,7,1
23774a6,,49,0,2
6df5688,,41,13,3
98a3f32,,3,16,4
8e338b2,,13,9,1
4437e6d,,25,13,2
3d9f5a2,,1,1,1
526fc53,,26,5,2
091325d,,7,2,2
2420558,,60,16,3
12993d6,,0,15,2
c64dc52,,0,53,1
a74498e,,2,55,1
39cf682,,9,18,3
740e88e,,20,31,5
065fb98,,0,1,1
a4e6a3e,,5,1,1
e425ff5,,0,1,1
7a764ac,,88,12,3
c93ce83,,18,4,1
25fb40e,,1,1,1
6eae80b,,18,7,3
55e0697,,127,109,2
772e1e3,,242,127,9
e552dcb,,0,1,1
7008e36,,2,1,3
c58b4c3,,7,4,3
4d422bd,,290,305,8
cc54db2,,350,363,9
d24225e,,14,14,4
ae85db0,,252,6290,46
4372d62,,55,2,4
f9035e8,,26,17,4
77cabb5,,186,42,9
bf99ff4,,275,277,9
e56af17,,9,6,3
0fdfaa0,,3,5,1
03bf5e0,,0,1,1
1a5be8e,,0,6,1
05cb07b,,38,37,3
f4a4ef2,,0,1,1
d006708,,30,30,2
d0094ac,,17,9,1
eecc8ec,,26,26,1
deced53,,1,0,1
559a94a,,4,1,1
0c7060a,,5,5,2
2a15099,,8,42,2
f358ab8,,96,107,3
0485f94,,0,3,1
90326c7,,53,21,3
ddc9c59,,24,5,1
70bb3a5,,24,33,2
e05e010,,59,43,4
3c4d04c,,2,1,1
6f731aa,,246,25,6
191d7d8,,10,61,6
8f61ade,,2,2,1
5cb28ae,,63,58,3
000631e,,74,180,9
8fb3757,,87,0,2
f0e9d08,,37,16,3
8f4a30b,,1,1,1
126cc52,,1,1,1
b605cb8,,5,0,1
ab082b6,,0,2,1
0631210,,36,19,5
fe53171,,1,1,1
f3ba940,,39,6,1
a4c883d,,15,5,1
d4df4f1,,33,5,3
f30fe43,,1,0,1
451aeb8,,8,1,2
4a192bf,,6,5,2
57328d0,,142,0,4
964d28b,,1,1,1
6704790,,4,0,1
c5dbdaa,,4,0,1
ad8fb8e,,1,1,1
ee6d894,,22,2,1
ed53b8d,,58,19,7
3ef0488,,179,3,4
d2b7bce,,96,26,8
a3a79ae,,84,32,7
bef158a,,36,29,4
8062373,,1,1,1
6deb8e6,,392,451,20
1caae25,,0,2,1
16ad69e,,7,1,3
aafb9b2,,5,3,1
8cb2f2c,,2,2,1
c677531,,111,108,1
81c647d,,126,13,5
c5965e6,,1,0,1
26b5180,,100,192,3
3c33749,,656,35,7
302489c,,20,16,3
f47880e,,2,0,1
2414808,,141,1,3
f2a9b23,,5,5,1
015a5f3,,24,117,4
d27d4bd,,1,1,1
fef384e,,7,2,3
96e808e,,3,4,1
708bf38,,13,15,2
b7954d2,,9,2,3
3e2f7fd,,10,6,3
e20aa3e,,0,1,1
09b105d,,104,93,12
ab8e030,,1,3,1
335ad48,,5,3,2
e01e625,,306,267,2
c7de3f3,,1,3,2
b053441,,1,1,1
89a8530,,111,2,6
4a7de12,,14,2,2
a0fec07,,46,0,1
fc40b5f,,5,0,1
f0b9676,,54,78,4
571bf34,,36,22,4
a1f4b22,,0,13,1
9f6c948,,1,7,1
3c0a873,,2,9,1
0e08af6,,1,0,1
d68b93c,,30,21,1
cc60962,,8,4,4
6bcb91a,,46,1,3
a5f4da4,,9,4,1
f3e0502,,1,1,1
478dbd8,,86,54,3
64a5f59,,67,11,2
6fb4007,,11,3,2
767e789,,12,0,1
8f3b8d1,,8,0,1
51aae0d,,27,11,2
38c73c1,,4,4,2
274b6b2,,309,165,5
e2f4659,,1,1,1
6b2754d,,343,149,7
5ae878c,,24,1,3
533a79b,,57,32,4
7ad5ee7,,70,3,5
07ac2dd,,104,30,1
d2fd091,,74,7,7
4763b62,,3,23,5
f9b1895,,1,0,1
c425531,,1,1,1
51a57b3,,10,9,4
d3aacb4,,26,46,1
8d6b055,,2,2,2
db0da60,,731,429,10
a420325,,3,2,2
4780367,,1,1,1
deac362,,5,2,1
f324106,,172,119,8
82d0ee6,,39,180,3
f2e0a67,,30,3,1
9508650,,25,28,3
a51ec2b,,158,153,2
dc85993,,76,53,5
fc40541,,15,17,1
919abc6,,104,115,4
aabac0a,,128,117,4
820ba91,,192,173,6
493da5a,,109,224,3
12c9450,,24,30,5
0c9a552,,4,1,1
3341c57,,87,105,2
f70b5f9,,1,2,1
038f32f,,26,14,2
3804b24,,6,1,1
5bfecc1,,42,37,3
62514f1,,37,38,1
e0a9b41,,30,13,1
e15249a,,32,5,2
1d991d0,,556,169,8
a2fec35,,98,69,1
0a466dd,,1,3,1
2a86624,,1,1,1
7dc0107,,90,90,1
ffbdf41,,108,105,7
ddb898f,,19,1,1
ef18a32,,11,18,3
3d875f4,,23,28,4
2b7efca,,79,9,6
ca4165a,,87,22,2
fe4287c,,24,10,1
4efe87d,,36,15,2
1f5d8ed,,12,3,1
c399c14,,5,3,1
52d2eb2,,191,10,4
b209317,,46,13,5
70e4ec5,,14,7,2
6de160d,,612,364,16
886ad9d,,231,5,7
d08e492,,196,139,7
7d8e413,,0,34,3
a5b7c1f,,11,4,2
08dd23a,,47,21,3
849ca9e,,2,2,1
edeb87b,,51,38,1
9ea7a0a,,1,1,1
50115d3,,1,0,1
d9d9c1b,,4,1,1
ed51449,,8,1,1
b87878b,,74,30,2
a0e4f40,,92,54,7
8cb61f4,,58,28,3
200b106,,723,218,9
ee0bdf5,,15,8,6
50c48b4,,26,23,7
8acab1e,,26,18,4
a4ed691,,16,12,2
9e64552,,0,9,6
e365004,,152,29,4
8738eed,,5,4,3
980f585,,13,9,1
dcf6991,,32,18,1
5d92775,,14,11,1
002d11f,,178,165,13
38826a9,,9,7,1
2dd6a49,,35,35,3
0c6f779,,72,35,4
29367a8,,9,1,2
9553e88,,2,1,1
28cf0b3,,29,2,3
50cd5c2,,24,17,2
a44ba92,,8,5,1
27a01b8,,4,1,1
a71cbe1,,2,1,1
76a398f,,20,6,2
70ddb6c,,2,1,2
36a7428,,6,1,1
10fa449,,77,4,2
611157b,,39,125,7
664455b,,1,1,1
09e4994,,7,2,2
74fb119,,334,50,8
d93f9d3,,10,5,1
ef94710,,6,1,1
b5b7414,,97,42,6
658694c,,430,482,16
3b496c7,,86,8,4
d2ebc2a,,1,1,1
2949efb,,19,25,3
1155b10,,0,803,8
936f39a,,37,235,8
5108197,,12,16,4
61486ca,,125,0,2
83fab9a,,206,29,8
c46b39a,,723,234,23
fd5c49f,,117,162,13
db593f5,,4,1,1
5da2105,,4,1,1
d16ba4d,,8,10,3
d352ecf,,0,0,0
4501a6b,,36,1,3
a297cee,,13,13,1
ea3ea74,,370,333,5
0c89f63,,4,3,5
26f3d38,,263,11,3
cf14364,,43,42,4
4a2646a,,64,135,7
684e0bf,,8,6,1
2816bff,,48,14,1
9e83120,,134,134,7
9589ac9,,1,1,1
79792ea,,4,4,1
7da225c,,49,49,9
5aee581,,5,5,4
239b516,,59,4,3
1870de9,,48,6,1
5338324,,33,2,2
433341f,,55,52,4
8377a7d,,26,22,1
1d2629c,,129,10,6
861d730,,38,27,1
646f8e6,,15,9,1
1b6931b,,41,0,2
e756a5c,,102,31,6
fdb7e32,,0,2,1
18ca21b,,30,0,1
b927ebc,,41,3,2
8019bfc,,46,5,5
9edc786,,20,4,1
24c5946,,13,12,1
40012b8,,18,1,2
1587915,,35,37,1
6aa6dbb,,501,14,12
d95cb7a,,79,7,5
8dcc05d,,9,3,2
f79182e,,1,4,1
0c9c917,,2,1,1
3098163,,69,54,5
af6afaf,,48,34,3
00b1e1d,,37,30,1
11a7e06,,176,99,4
4d519d3,,1,7,1
29e9c22,,35,7,3
8c79808,,261,225,9
898f833,,116,32,9
0d50142,,532,240,3
26e786c,,14,3,1
3535120,,29,12,3
b3afc86,,3,3,2
b7da8cc,,26,10,1
21b805a,,3,3,2
3c2f211,,6,4,1
2af4db0,,210,244,5
53d7685,,13,2,2
4c67357,,24,7,4
d3a96a6,,206,0,4
dad6a10,,3,2,1
2237f4e,,67,25,2
9b87091,,18,0,2
ba5b81a,,5,2,2
f8859b1,,1,1,1
3fc81f8,,199,1,6
9b9836c,,8,0,1
6504ece,,40,1,4
cf5e0cf,,4,7,2
3a87215,,0,277,7
e909cbf,,45,33,1
936f75e,,1,1,1
5c00a98,,68,0,4
a0545b4,,8,6,1
fc43a15,,2,2,1
a21147c,,2,0,1
9d7478b,,4457,6384,73
f541243,,149,42,16
cb5f48c,,178,791,12
009e27d,,248,7,4
db74433,,10,7,1
6a6d31f,,57,25,4
a71128c,,58,27,6
02b2cf2,,49,13,3
4b2a4c8,,57,66,24
ee3e208,,6,6,1
9e68813,,1,1,1
8cd7ddc,,1,1,1
251c956,,2,24,2
c225798,,140,70,11
7466f43,,55,14,2
577286d,,46,0,2
4b57c71,,83,11,5
52f9bb5,,3,3,1
65a34eb,,3,2,1
bbbbb22,,1,1,1
2666683,,6,6,1
7c9fe81,,78,5,3
6608a61,,15,3,4
79692e4,,1,0,1
8d4f292,,523,56,7
9211b62,,34,28,4
e8d4fcd,,3,3,3
13a67c3,,1,8,1
80ba8e1,,49,30,8
5d61b03,,672,163,22
486fcf6,,75,49,4
a6ee1f3,,1,2,1
bca5f20,,1,1,1
2a6b2e4,,22,4,1
d169dd2,,52,75,4
726efad,,0,1,1
dd641d5,,13,6,1
8145d42,,88,17,5
828f86f,,87,82,16
6858f47,,11,3,1
0f9f891,,2,2,2
6f2e445,,66,17,2
78a817a,,2,2,2
2a0b547,,59,13,3
395ff86,,130,54,17
b314b11,,1,5,1
808ef26,,41,25,1
11fad42,,66,27,1
9db46c1,,31,27,2
cab69a7,,4,4,1
cf85cab,,14,12,2
d8b7085,,1222,71,53
dd4d8bd,,1,1,1
73d1537,,0,4,4
bb5edf8,,10,2,1
7a468ec,,0,1,1
8f81d13,,184,212,7
9bdd741,,28,55,1
8979161,,122,21,2
0f1bd0a,,0,6,2
39cd24d,,165,75,3
016c131,,56,5,3
8319570,,89,48,6
8655cee,,78,65,2
6b68313,,6,5,1
6a2824b,,75,165,3
ee65b87,,7,1,1
2a2f235,,183,61,31
e20fe58,,41,41,54
82454b0,,60,59,24
33caad5,,1,1,1
7f04d00,,4,4,1
5e3c961,,186,88,7
ca1ac39,,5,1,1
4ec9c48,,95,72,2
6fc17a6,,10,12,27
8aee98c,,31,0,2
82437ff,,83,0,3
76e92ea,,1,3,1
dea73af,,508,724,13
b6fba6d,,88,12,10
8ab6419,,6,0,2
95b380e,,0,5,2
f46785e,,23,0,1
7918770,,81,20,9
85d3cb3,,91,19,6
3d00f52,,166,76,3
38c7420,,59,7,3
ef643f6,,17,1,1
b6071d6,,1,1,2
fae5294,,25,2,2
ad39978,,1237,1358,11
220ff7e,,1,0,1
c310cdf,,55,54,7
8216c59,,1,1,1
74cff93,,18,9,1
97f5e27,,0,3,1
8485a27,,1,0,1
4f8b913,,0,2,1
4d21f1c,,50,10,3
c64ceb1,,1,1,1
cb57ea5,,0,8,1
8dd6629,,30,32,1
fc36e1b,,82,35,1
e95daa7,,14,0,1
39f7938,,216,146,1
9f92d78,,361,113,6
34e8aa5,,7,16,2
6f3e4b7,,10,3,1
266d941,,3,0,1
e0126c3,,1,0,1
743ccb1,,21,18,2
b66797b,,195,22,6
7662f24,,5,0,1
ebb721a,,54,7,1
f35948c,,2,5,1
89e0781,,8,3,1
77a6f8f,,1,0,1
865cabe,,0,79,5
22c50b0,,10,4,1
2f63d08,,28,31,1
741974d,,12,2,1
e1c7ccf,,9,0,1
21e9f27,,69,1,3
e7bebb8,,199,0,5
f9502ef,,6,1,1
493455a,,249,2,8
eb1c2b4,,3,3,1
c68722c,,2,78,2
b598889,,5,0,1
87f3954,,37,0,1
ba5ad05,,1,1,1
c395be9,,12,19,1
859a57d,,1,6,1
28af381,,64,0,4
56b8a47,,81,8,3
9ce4b8d,,15,4,1
6ebd30a,,103,51,3
6d618b6,,3,1,1
7fd7d40,,123,205,11
e0af667,,39,0,1
7305157,,1,1,1
c31904d,,5,6,1
3a01fce,,34,17,2
2b4f288,,3,1,1
b1af4f8,,25,10,3
ed51071,,3,1,1
631926e,,0,1,1
91dcf11,,13,14,3
01b230f,,41,9,2
7d248dc,,154,40,7
6aa1de5,,131,5,6
5df6f83,,47,33,1
377500b,,89,13,5
9bb41ff,,14,58,4
27ffb1e,,44,8,1
78ce4b4,,6,0,1
e97d899,,16,8,4
e285eba,,5,1,1
9a992f0,,1,0,1
859e364,,12,6,1
adcd11e,,2,3,1
9a91474,,1,1,1
3d40f5f,,6,5,1
eca47b5,,11,15,1
c1879ca,,1,0,1
24cacef,,3,2,1
d21d5f5,,213,214,13
f047017,,1,1,1
0152e76,,50,54,1
5b27f8b,,28,71,1
b133d05,,182,163,3
6829cf8,,3,3,1
a28d8c2,,139,26,4
e0107e8,,6,0,1
968ebef,,35,2,1
6376f2e,,938,0,3
756da03,,12,3,4
a7edaff,,224,160,6
94d2c40,,20,12,1
f52638d,,449,500,2
e2d1992,,1,1,1
4296187,,6,1,1
a02bfa5,,1,1,1
fefb1a1,,3,1,1
a255835,,102,27,4
be017f3,,173,21,3
58e1179,,48,13,5
2348580,,1,0,1
3e88dff,,743,395,10
30a8697,,1,1,1
9ccdfa6,,0,116,3
3cbac8f,,27,12,4
2195714,,1,1,1
b20d1b7,,1,1,1
3960648,,1,1,1
fc72aa6,,8,7,1
ef04f58,,25,6,1
1d93b09,,1,1,1
6861eaa,,1,0,1
908e1e3,,34,0,1
bd22a67,,743,395,10
7744713,,34,0,1
ff86aeb,,0,2,1
eff04ce,,374,193,17
4f99173,,9,10,3
f7b85fd,,13,24,4
666b999,,1,1,1
e2a3ab9,,2,1,1
d0a2f52,,24,24,4
a92e992,,4,2,1
199e42e,,7,6,3
8af5b5a,,26,2,3
62c8769,,114,115,3
3f84286,,3,2,2
4a68fb6,,5,0,1
9625293,,174,12,3
ac0847e,,2,1,1
2241797,,9,7,5
b1efafa,,14,5,1
d45d3e8,,5,0,1
fa52d10,,26,0,2
f3ebf84,,5,12,1
673d6ea,,57,6,4
7de014e,,6,6,2
b98a3db,,201,77,4
65a4ad7,,3,1,1
dd40cd7,,2,0,1
d2d5be9,,21,0,1
2b2e92e,,2,2,1
cb4b299,,20,5,1
c624a82,,2,2,2
2009272,,2,2,2
7f18ad6,,1,1,1
c0c9fea,,3,0,1
89fc1ed,,20,10,1
921d901,,957,389,15
b68d5a3,,1,0,1
c6ce567,,817,85,20
af74135,,1757,443,24
edbab18,,4,2,1
224ac27,,1,0,1
dcdc8d7,,1,1,1
33e5b50,,8,2,1
9ed28be,,25,0,1
8a8e814,,1,1,1
5117db8,,0,3,1
5523f29,,1,0,1
bcc44a2,,70,28,4
56f3819,,1,1,1
a942a47,,94,56,2
0a8225e,,0,212,3
9999298,,15,29,2
66beae4,,7,247,6
add2e08,,2,1,1
348a447,,1,1,1
dd5f5aa,,0,3,1
ecd3b82,,48,6,3
c40ab43,,20,2,2
90295ba,,20,2,2
801bf50,,3,0,1
301fe3b,,5,1,1
5d868f9,,2,0,1
4a04d07,,57,210,3
4329ed9,,1,1,1
2c17dac,,17,1170,7
a6725ac,,5,4,1
8cc3162,,25,25,6
fc8c14b,,1,0,1
85763aa,,7,7,6
06b5f32,,6,6,6
603c7f7,,5,7,5
f477c00,,5,4,4
56aeeae,,1,1,1
67af69a,,3,3,1
83c2d5d,,1,2,1
75993d9,,5,6,2
b4dbf96,,17,88,2
0869d48,,94,0,1
908150b,,1,0,1
7878cd9,,1,1,1
99e2f6a,,3,3,1
af0d3a7,,1,4,1
ce8695d,,618,0,14
b34efe9,,1,1,1
8023369,,1,0,1
f22ab35,,8,8,2
c9bd4c9,,6,6,1
6b640c0,,1,1,1
f82f475,,36,0,1
0709f77,,16,2,3
0905cbd,,26,63,1
45a0e4c,,16,19,1
71566bf,,1,1,1
8e155df,,1,1,1
3f4c154,,2,0,1
a47954d,,48,0,1
bb95078,,6,4,1
ffa5222,,1,1,1
9d1ce7b,,12,4,2
85aa2c2,,71,0,4
e6e90cf,,1,0,1
c49dbef,,2,0,1
a965e15,,2,2,1
d1d3e99,,12,1,1
bec96d9,,2,2,1
0910123,,113,0,6
899a688,,95,41,6
c851401,,3,3,1
ebdf191,,11,9,1
2126407,,5,0,1
8f3ca5e,,7,7,1
fc69324,,1,1,1
47b3b09,,25,3,3
cb829c2,,1,0,1
d019bc8,,46,4,2
183726b,,16,1,1
7877a15,,42,0,1
237e254,,157,84,4
ce57ea4,,2,0,1
32b5dec,,1,0,1
a021753,,36,3,2
54dd9a6,,2,0,1
1b07a33,,0,5,2
4819b49,,23,1,1
4a42436,,3,3,1
c67cd76,,26,0,1
848e299,,0,2,2
6340df0,,16,8,1
d21ce9e,,1,2,1
d273d87,,1,1,1
7cf3a1c,,1,1,1
56426cd,,1,1,1
88ca360,,1,1,1
a227f9e,,48,12,1
db9d9cf,,1,0,1
f888d8c,,5,2,1
f5ff661,,41,12,3
3ee209d,,0,5,1
8d841cd,,2,0,1
40bf575,,10,8,3
63df607,,1,1,1
58f9200,,1,1,1
0f59a74,,1,1,1
bdda4f2,,0,3,1
dad9e7c,,291,544,19
2773a65,,25,284,5
1b175bc,,23,23,1
71ce39a,,339,851,25
fd73465,,5,4,1
dcb4be1,,9,1,1
5c2530d,,2,0,1
d925692,,2,0,1
a249130,,3,1,1
37e4e18,,75,46,3
802643c,,160,135,5
ef7e82a,,104,75,3
89b86aa,,15,14,1
b835e90,,15,8,1
805f762,,118,1,2
b1cd0d3,,118,1,2
2c43f09,,2,0,1
0882adc,,5,0,2
f46924c,,8,10,5
152796e,,9,4,1
cd2c73a,,11,0,1
570c610,,34,10,1
53cda37,,95,44,5
bcf446d,,1,16,3
89cb34f,,1,0,1
e327dc0,,4,1,2
e36d204,,118,82,3
8490386,,601,415,8
10f463d,,102,0,3
fcce35e,,63,1,2
a5ae1d8,,112,133,2
71e1306,,632,7,4
963caca,,506,0,5
231efd5,,5,1,1
bdc8be6,,30,0,2
5bc213c,,1,1,1
87c449b,,22,13,8
d25625b,,4,7,2
8be1c34,,4,7,2
404ac95,,4,6,2
4828979,,12,5,1
56f8469,,1,1,1
ab23fa0,,13,1,2
533ed6a,,9,0,1
60a3920,,1,1,1
f838dc1,,1,1,1
42ccb41,,36,0,2
95a03a3,,14,2,1
1ef7b52,,5,0,1
1c4c18c,,6,1,1
830b29b,,36,7,2
19795a5,,0,1,1
97648c1,,35,3,1
f98843f,,2,3,1
eb49947,,4,4,1
c7d6fdb,,20,11,1
1a8eea8,,20,11,1
8a1b644,,93,0,3
5f022fe,,93,0,3
e871532,,10,5,1
e72e199,,0,2,1
15568fc,,940,39,19
2e68ec5,,940,39,19
02ec38f,,668,0,5
9993878,,196,0,5
87591f3,,864,0,7
46676c1,,52,41,7
f455643,,6,1,1
76e821b,,5,2,1
f6a3be6,,4,4,3
5e446b3,,30,8,1
39d17d8,,1,2,1
a74b65e,,8,3,1
d0ba8d7,,5,2,1
7b6aead,,5,0,1
074f6a0,,4,4,2
a275c45,,6,6,1
1f60f6c,,212,82,4
5fb7cb0,,14,110,8
da96af0,,76,146,10
072e9f2,,83,182,5
98ada6f,,20,12,2
118ea83,,54,726,26
40be946,,73,21,9
cafb9ec,,1,1,1
cd2fb68,,501,1248,34
3bd7f49,,4,0,2
4bbc9a2,,0,2,1
0413a46,,4,2,1
3afffc8,,23,2,2
eec67da,,3,0,1
ab03a79,,1,1,1
51082e7,,1,1,1
882a96d,,56,1,3
46e7d1e,,2,3,1
382a245,,92,63,3
8ff0b62,,89,36,18
7705217,,4,0,2
d35e53d,,0,6,2
9e21a5f,,1,1,1
ef7ff76,,25,10,1
8f2adf0,,20,0,1
6dd12eb,,9,1,2
fa07efc,,7,0,2
92a4f10,,60,0,2
9e19a26,,7,5,1
cbfdc0f,,2,2,2
57fbfd7,,34,1,2
a562e05,,35,4,1
75281f7,,12,1,2
f422ba4,,1,1,1
859c047,,83,8,5
85be9c7,,13,8,1
4d05d2c,,18,0,2
8d52e62,,11,38,5
add0ef4,,5,5,4
5d60f64,,2,5,1
ca61cbc,,144,67,10
bb25379,,59,0,2
41f677f,,7,0,2
558c290,,5,0,1
450a89a,,7,0,2
6fec5c1,,4,3,2
92aa021,,1,1,1
7e20aeb,,225,5,3
8c408a4,,3,3,3
aedaa77,,3,1,1
73690eb,,0,2,1
8608aff,,43,1,1
76ab642,,1,0,1
a32b4fe,,89,0,2
ca1b08b,,3,3,14
02cd641,,4672,0,14
a1a4618,,3,5,1
f3fae32,,4678,8,29
586d981,,27,6,4
31a8bd9,,27,6,4
cc96501,,103,75,7
cb0f076,,103,75,7
25aeb58,,19,1,1
b97eaf6,,14,16,2
1962154,,68,30,3
12160cd,,68,30,3
e5b0b92,,4,0,1
cdaa597,,1,1,1
3432aa1,,38,38,3
9f3d89f,,15,0,1
8809aa9,,4,2,2
f8f1d4b,,8,5,3
b49c307,,104,0,4
577b6d0,,3,2,1
3c05246,,2,0,1
1e3c46a,,4,2,1
eec6067,,39,1,2
41bb28c,,1,1,1
db2d5b6,,4,0,1
e8f1edf,,38,1,2
c1e5f90,,10,5,5
2fb2696,,24,6,1
a6b6c54,,3,2,1
d8781ab,,1,20,2
cac9069,,0,3639,1
6a4994e,,11,6,3
4501255,,19,2,1
812e4ae,,1,1,1
6d82029,,4,0,1
2742797,,35,45,5
cc15643,,3,1,1
4703de4,,39,7,3
02464a7,,34,75,5
bf5af68,,36,30,3
433b209,,65,3,3
233d392,,12,35,6
ee4592e,,143,139,13
f8ad84a,,4,4,4
9921c46,,1,1,1
711ec10,,125,0,4
cf166ad,,125,0,4
1394f1b,,4,4,1
83a5ece,,3,2,1
0de19cb,,1,1,1
37b60b2,,14,4,1
bfeb376,,2,1,1
b206324,,23,11,4
4b02c60,,103,14,1
18c1711,,5,3,1
665781f,,32,0,1
d0c2ed9,,4,0,1
abd0552,,3,3,1
d8dbeee,,0,13,2
fe20281,,46,25,8
aa28259,,28,34,9
168b55c,,1,1,1
009c226,,5,2,1
7be8689,,8,0,1
fe23545,,20,3,2
4580095,,0,13,1
5e68d8d,,30,11,2
1c97430,,1,1,1
7258934,,29,28,7
77adea8,,9,0,1
57b8066,,1,1,1
268bf77,,1,3,1
7738d1c,,1,1,1
44f4ce4,,5,5,3
3407e0d,,1,1,1
ba66702,,1,1,1
05248c6,,12,3,1
2217ff5,,12,0,1
5bced5c,,2,2,1
cc0fd83,,22,0,2
b0174d6,,124,152,5
4be83c3,,131,127,3
f14e7e2,,3,3,2
9cab963,,137,581,16
069fbe4,,2,2,1
c15c979,,16,18,1
6c9c82c,,154,600,17
a50c227,,2,2,1
c181c7c,,2,2,1
25c50e9,,1,1,1
ecbf37e,,1,1,1
b6e7cf3,,1,1,1
5f9f069,,140,41,4
ceaf135,,97,55,3
841f0ef,,199,58,4
065015d,,28,10,1
3ada78c,,14,0,2
28154d2,,15,13,1
4250881,,7,0,1
3d75b59,,9,0,1
e18537d,,26,0,1
039295d,,1,1,1
ce21698,,23,19,1
69d9ceb,,12,0,1
d898b34,,23,18,1
ea81d23,,8,8,1
c2e1433,,24,1,2
8b27b27,,4,4,2
7e618ab,,3,3,2
6a38e94,,31,8,6
d567930,,106,1,2
f1e349e,,36,0,2
0891710,,0,1,1
14f59ba,,39,1,2
4c81748,,10,1,2
f34ed23,,5,1,1
da733f5,,1,23,1
ef1656e,,18,20,5
aed9aaf,,1,0,1
9bb5278,,6,4,1
ac7f918,,3,3,1
ed71be3,,55,0,2
9a99cd3,,11,0,1
4467e4b,,19,21,1
50e3a52,,10,10,1
f3e0bb6,,7,8,3
733baa3,,3,6,1
198c18e,,15,7,2
27907af,,1,1,1
40647a1,,13,15,1
4873bb7,,271,199,11
b68227b,,0,2,1
74331ae,,7,0,1
d354e8f,,47,46,4
fb7949b,,36,36,2
00fca4f,,95,0,3
409119e,,2,2,1
51295dd,,2,1,1
f681a23,,1,1,1
86653b1,,1,0,1
1f0fcd8,,3,0,1
f71613c,,16,8,1
c2d7b4a,,2,0,1
b5c28b3,,14,9,2
e8d2ee4,,5,10,1
f8c2b0d,,3,3,1
3f59340,,1,1,1
0ed0c97,,38,21,1
82b2342,,1,1,1
581c22c,,41,0,2
b7798d6,,9,8,1
9b91937,,37,0,1
30259ff,,0,7,3
27ccb29,,22,1,2
5388e4c,,2,2,2
f9d7545,,3,2,2
5edcffa,,21,0,2
1ed6d22,,9,1,1
572828e,,8,7,1
f49b3fe,,10,0,1
cf345f4,,1,1,1
3c4c5cd,,19,1,2
fb6bf54,,11,7,1
7c68a8c,,6,22,1
d6a8cf8,,4,2,1
1ae132d,,2,2,1
8792696,,1,1,1
d3fc110,,24,18,1
488c346,,5,5,1
8896ba0,,0,13,1
ab09306,,6,0,2
797ffbc,,1,0,1
8baa56f,,7,0,3
c143131,,14,60,1
b551853,,0,1,1
586920a,,18,109,5
97b688e,,15,14,1
a7d97da,,0,2,1
465954f,,18,0,1
c937dd6,,186,79,1
abd886c,,6,0,1
993c4a0,,21,8,1
ef8de6a,,0,9,1
4bcf8e2,,1,1,1
032a60c,,124,132,4
ec172d6,,12,8,2
d3611ba,,24,29,4
769c9f5,,8,16,1
735ac2c,,9,0,1
574502c,,1,2,1
a40ff97,,2,2,1
71d41a3,,29,9,1
fdb411e,,4,1,1
f358e4f,,7,7,1
b4ed91f,,8,3,1
eaf76f2,,6,2,2
f14a862,,29,0,1
941d909,,8,2,1
ba20fe8,,36,0,3
f5119c9,,2,2,1
fae7af5,,1,1,1
693e00b,,3,3,1
c9ead66,,1,1,1
d793d7c,,2,2,1
26fa682,,5,1,4
df3b9b7,,0,1,1
1396af0,,1,0,1
e525656,,6,1,1
18f43f6,,11,6,1
4d96e9c,,36,2,2
b04d300,,1,1,1
0371e2e,,0,1,1
a40e607,,11,1,2
f5669ae,,6,0,1
453f0ef,,7,12,1
701e3f7,,27,17,3
681c4fc,,7,3,1
f6a0612,,12,3,1
5418ad1,,2,1,1
4edce81,,1,1,1
5a1a063,,3,3,1
b9955d1,,65,79,1
08ad181,,5,9,1
6ca9841,,0,15,1
43f5843,,11,1,1
babed09,,5,0,1
ce03701,,8,0,2
eb6f98a,,3,1,1
48a0c47,,6,0,1
eb6498f,,2,1,1
50ff412,,31,2,2
8b0708a,,6,95,2
ecf1e7f,,1,19,1
f64c993,,10,0,3
9378c06,,13,4,1
8a6d34a,,1,1,1
20f716c,,32,23,5
35a6c84,,3,2,1
525815d,,227,108,1
f953253,,14,3,1
1ca0327,,19,4,1
6d570b7,,1,1,1
b32b16e,,6,0,1
e7aee49,,136,0,1
b8bafb4,,0,1,1
5d25207,,1,0,1
ad03269,,2,2,1
588edbd,,1,1,1
e20d4d2,,1,1,1
068f264,,43,1,2
ba71330,,13,18,7
91661da,,8,5,2
b6431a9,,10,14,3
f9c2977,,0,4,1
866d222,,1,1,1
af6c471,,2,2,1
a9d6dba,,68,1,1
9b48d81,,0,31,1
f453e27,,18,23,3
57f4746,,1,1,1
ad97965,,8,8,1
90820c2,,4,4,1
f929334,,200,0,15
ff014f6,,2,2,1
d5fcb17,,0,90,1
bcd8e64,,1,0,1
c34e67c,,1,1,1
18f13f1,,1,4,1
26b3b2e,,227,0,6
aeabcdc,,5,6,2
72cdacb,,0,11,1
9ea3597,,1,1,2
2b923ce,,1,0,1
a4fb1d2,,34,1,2
8acd3cb,,6,17,4
49fb61e,,0,0,5
36045f9,,0,0,1
56b4ea9,,422,0,3
48c9441,,3,0,1
13c9c83,,134,0,1
45c922e,,52,12,1
902878d,,62,0,1
4d9ba70,,1,1,1
034f3fd,,1,0,1
9d60998,,1,1,1
f6580e2,,202,0,2
4bddf93,,3,1,1
e8b774c,,1,0,1
6ee7db0,,585,0,1
c9a93d4,,1,0,1
d52b7b5,,0,1,1
74dc5af,,4981,0,18
d511fe3,,0,1,1
2b093a1,,3,0,1
18efb33,,1,1,1
a518307,,1,0,1
e01ae0b,,0,1,1
c5c22bc,,1,0,1
41d877f,,6567,0,24
d99ed6c,,0,4981,18
77ba7e9,,1,0,1
23b15de,,0,0,1
2d0299c,,13,1,1
99897e5,,1,1,1
30d9ffc,,1,1,1
76ec744,,203,0,2
8c17f5e,,1,1,1
9143310,,7,1,1
b1d2a29,,5,3,1
154b0d8,,3,3,1
ad9f587,,2,2,1
e813e2a,,2,2,1
6faaed7,,1,1,1
d08ff22,,1,1,1
c5274e7,,148,0,2
512293b,,27,42,1
4e10a54,,2,2,1
f63201d,,4,3,1
0f70304,,0,130,1
3d5795a,,205,0,1
9b731a6,,1,1,1
b1cb48d,,2,0,1
df754dc,,1,1,1
33232a4,,2,2,1
4dd3016,,3,0,1
295a1be,,1,1,1
29e351a,,8,6,1
b18c0c0,,5,0,1
31b716b,,1,1,1
3d62d4c,,23,8,2
df94da9,,0,0,0
9cd6d55,,0,0,0
ea1e140,,0,207,1
7ccd3f5,,0,1,1
bc427a6,,1,0,1
e56eeb0,,208,0,2
6d3acee,,0,1,1
c5367a4,,1,1,1
a8cc377,,1,1,1
e1ace95,,10,0,1
a6af720,,1,1,1
3a51dca,,2,0,1
76116b3,,9,0,1
b9a62bd,,3,1,1
7080dd8,,1,1,1
fcc620c,,14,5,1
35350ca,,1,1,1
2e24e0c,,2,1,1
8aa1312,,1,0,1
bc66a33,,36,0,1
715a3ce,,4,0,1
2569987,,0,2,1
427a1cb,,7,0,1
4f61894,,0,7,1
a2b59b0,,8,0,1
4c8d383,,0,0,1
4bf2f36,,2,2,1
11d4717,,1,0,1
c034e19,,0,2,1
d1bd8bb,,1,0,1
9213acc,,7,0,1
cca79d8,,2,3,1
624d436,,0,1,1
ac92f52,,1,2,1
123c2c1,,0,1,1
6e11ff9,,1,1,1
6a4afb1,,0,1,1
7657d74,,4,2,1
8be701e,,4,3,1
85546bd,,0,9,1
1a97f29,,8,0,1
43fd250,,0,38,1
654cad3,,0,4,1
e8457b7,,0,8,1
3fecc61,,2,3,1
aa548e2,,1,1,1
0f737f2,,1,1,1
9a4f256,,1,0,1
1be4c83,,13,0,1
dba51b3,,4,0,1
6a96004,,1,1,1
32549cb,,0,13,1
a02b8e1,,13,0,1
9b67f54,,134,0,1
febc879,,1,1,1
99335ac,,1,2,1
569b43a,,2,1,1
5eed1f7,,2,0,1
97ce53b,,1,0,1
900e116,,1,1,1
fbdbed3,,99,12,1
c991e36,,1,2,1
1249e67,,2,1,1
3ddead8,,0,0,1
9b3c38c,,0,0,1
3060688,,0,102,1
53dfd37,,1,0,1
452eca4,,1,0,1
257f2a5,,3,1,1
01fdfca,,32,2,1
3b91fb1,,1,1,1
86abec8,,40898,0,1
51b460a,,0,1,1
fb55733,,4,2,1
38c6808,,9,14,1
3927823,,1,1,1
c00f73b,,1,2,1
208b6de,,3,2,1
efbd14f,,3,0,1
a083007,,323,46,1
a5294b3,,2,18,1
07643d6,,2,0,1
95ad089,,1,1,1
dc98bed,,1,1,1
6bd503c,,15,3,1
f3de470,,2,2,1
df890ee,,6,3,1
a508c23,,2,2,1
de8d409,,1,1,1
a613920,,3,1,1
9a06f40,,133,0,1
74ff79f,,45,0,1
93f4ef7,,3,0,1
482439a,,2,0,1
d35f468,,2152,0,5
5ab8ccb,,1,1,1
46945e0,,1,8,1
f5474fe,,1,8,1
fd12949,,1,0,1
067be3d,,0,1,1
0bc3665,,1046,0,4
086e3fa,,3,17,3
2e5601b,,1,0,1
2dd2784,,1,1,1
d48fa84,,12320,0,1
d12e8af,,1,1,1
209b23e,,1,1,1
bbc77e1,,2,1,1
1171ce9,,27,37,1
5526045,,3,0,1
d084878,,203,0,2
e687889,,1,1,1
6373295,,1,1,1
3597edc,,1,0,1
8f691ce,,491,0,1
634ba57,,0,1,1
9ae746d,,1,0,1
f51b13c,,2565,0,9
67e1596,,0,1,1
82741f9,,6,0,1
c328694,,1,0,1
c147702,,0,2565,9
049f74b,,3010,0,12
69cdf04,,2,0,1
8285831,,1,1,1
d56ce9b,,1,0,1
3f65de0,,0,0,1
f0856ea,,6,2,1
3d9f939,,1,1,1
b29603f,,0,0,1
e787180,,0,0,1
78846ad,,1,1,1
1877ca5,,1,1,1
c1c10bf,,0,0,1
14c27ee,,7,1,1
f99091e,,0,0,1
d74f640,,1,1,1
59060ee,,0,0,1
2eec748,,1,0,1
508f49e,,16,2,1
6dad1f3,,190,0,6
3a301ee,,0,0,1
ab3a1e8,,3,0,1
dd8b4a6,,205,0,9
4811cb4,,3,0,1
3250b4e,,3421,0,53
aff75c0,,5,38,17
fbb8e34,,0,0,1
6331fe5,,93,0,1
c8fe4e5,,3,1,1
e8bb490,,6,20,1
4291f44,,4,4,1
cf83395,,6,42,1
d8494e7,,0,0,1
27268c0,,1,1,1
8463600,,3,0,1
fed2264,,1,1,1
a126acb,,182,0,5
72891bb,,3,0,1
1565873,,0,0,1
9b955e5,,2,2,1
c98d679,,10000109,0,11
6a4d372,,3758,0,64
737a586,,1,1,1
94685e5,,3,0,1
49eabcd,,1,0,1
49679c5,,0,0,1
4b93081,,91,0,4
950db68,,3,0,1
58942d4,,113,0,2
5eada44,,12,0,2
b08dd67,,265,0,6
8ee12db,,145968,0,56
9857333,,0,0,2
f6c0906,,18,0,1
61de96b,,3,3,1
cbfd4c7,,202,0,2
8cc7f78,,1,0,1
8494734,,2083,0,8
5a80d2f,,189,0,4
469341c,,1,1,1
9abf5dc,,1,0,1
d6e4e9a,,2,0,1
10c8be1,,1,0,1
0f9c6b1,,3,0,1
5da00db,,1931,0,12
acf214f,,2235,0,20
ec5359f,,3,0,1
